[
  { "pref": "宮城県", "cities": [
    { "code": "0410100", "name": "仙台市青葉区" },
    { "code": "0410200", "name": "仙台市宮城野区" },
    { "code": "0410300", "name": "仙台市若林区" },
    { "code": "0410400", "name": "仙台市太白区" },
    { "code": "0410500", "name": "仙台市泉区" },
    { "code": "0420200", "name": "石巻市" },
    { "code": "0420300", "name": "塩竈市" }
  ]},
  { "pref": "栃木県", "cities": [
    { "code": "0920100", "name": "宇都宮市" },
    { "code": "0920200", "name": "足利市" },
    { "code": "0920300", "name": "栃木市" }
  ]},
  { "pref": "東京都", "cities": [
    { "code": "1310100", "name": "千代田区" },
    { "code": "1310200", "name": "中央区" },
    { "code": "1310300", "name": "港区" },
    { "code": "1310400", "name": "新宿区" }
  ]},
  { "pref": "埼玉県", "cities": [
    { "code": "1120100", "name": "さいたま市西区" },
    { "code": "1120200", "name": "さいたま市北区" },
    { "code": "1138200", "name": "上里町" }
  ]},
  { "pref": "静岡県", "cities": [
    { "code": "2220300", "name": "沼津市" },
    { "code": "2221000", "name": "富士市" }
  ]}
]
